-- =============================================================================
-- Equiterra Database (MySQL) Seed Script - FOR DEMO USE ONLY
-- =============================================================================

USE equiterra;

-- =============================================================================
-- Farrier / Admin
-- =============================================================================

INSERT IGNORE INTO Farrier (Fusername, Fpassword, Fname)
VALUES ('admin', 'open sesame!', 'Aidan Sloman');

INSERT IGNORE INTO Web_user (Username, Password, Name, Email, Phone_num, User_type)
VALUES ('admin', 'open sesame!', 'Aidan Sloman', 'aidan@equiterra.ca', '(403) 555-0101', 'Admin');

-- =============================================================================
-- Practitioners (Vets / Other)
-- =============================================================================

INSERT IGNORE INTO Practitioner (Pname, Phone_num, Email, Type)
VALUES ('Dr. Sarah Mitchell', '(403) 555-0201', 'smitchell@calgaryvets.ca', 'Veterinarian');

INSERT IGNORE INTO Practitioner (Pname, Phone_num, Email, Type)
VALUES ('Dr. James Holloway', '(403) 555-0202', 'jholloway@equinehealth.ca', 'Veterinarian');

INSERT IGNORE INTO Practitioner (Pname, Phone_num, Email, Type)
VALUES ('Dr. Linda Park', '(403) 555-0203', 'lpark@prairievet.ca', 'Chiropractor');

-- =============================================================================
-- Barns
-- =============================================================================

INSERT IGNORE INTO Barn (Bname, Contact, Email, Phone_num, Street_num, Street_name, City, Province, Postal_code)
VALUES ('Sunrise Stables', 'Tom Brecker', 'tom@sunrisestables.ca', '(403) 555-0301', 441, 'Range Rd', 'Calgary', 'AB', 'T3Z 2K1');

INSERT IGNORE INTO Barn (Bname, Contact, Email, Phone_num, Street_num, Street_name, City, Province, Postal_code)
VALUES ('Pinewood Equestrian', 'Carol Finch', 'carol@pinewoodequestrian.ca', '(403) 555-0302', 88, 'Pine Creek', 'Okotoks', 'AB', 'T1S 1A2');

INSERT IGNORE INTO Barn (Bname, Contact, Email, Phone_num, Street_num, Street_name, City, Province, Postal_code)
VALUES ('Rocky View Ranch', 'Dale Hurst', 'dale@rockyviewranch.ca', '(403) 555-0303', 210, 'Bison Blvd', 'Cochrane', 'AB', 'T4C 1B3');

-- =============================================================================
-- Clients
-- Note: Cusername and Cpassword are auto-generated by triggers on INSERT.
-- The values inserted here will be overwritten by the triggers.
-- =============================================================================

INSERT IGNORE INTO Client (Cusername, Cpassword, Cname, Email, Phone_num)
VALUES ('', '', 'Rachel Dunmore', 'rachel.dunmore@gmail.com', '(403) 555-0401');

INSERT IGNORE INTO Client (Cusername, Cpassword, Cname, Email, Phone_num)
VALUES ('', '', 'James Whitfield', 'jwhitfield@outlook.com', '(403) 555-0402');

INSERT IGNORE INTO Client (Cusername, Cpassword, Cname, Email, Phone_num)
VALUES ('', '', 'Sophie Larsen', 'slarsen@hotmail.com', '(587) 555-0403');

INSERT IGNORE INTO Client (Cusername, Cpassword, Cname, Email, Phone_num)
VALUES ('', '', 'Marcus Bellingham', 'mbellingham@gmail.com', '(587) 555-0404');

-- Web_user entries for clients (for login access)
INSERT IGNORE INTO Web_user (Username, Password, Name, Email, Phone_num, User_type)
VALUES ('rdunmore', 'demo1234', 'Rachel Dunmore', 'rachel.dunmore@gmail.com', '(403) 555-0401', 'Client');

INSERT IGNORE INTO Web_user (Username, Password, Name, Email, Phone_num, User_type)
VALUES ('jwhitfield', 'demo1234', 'James Whitfield', 'jwhitfield@outlook.com', '(403) 555-0402', 'Client');

INSERT IGNORE INTO Web_user (Username, Password, Name, Email, Phone_num, User_type)
VALUES ('slarsen', 'demo1234', 'Sophie Larsen', 'slarsen@hotmail.com', '(587) 555-0403', 'Client');

INSERT IGNORE INTO Web_user (Username, Password, Name, Email, Phone_num, User_type)
VALUES ('mbellingham', 'demo1234', 'Marcus Bellingham', 'mbellingham@gmail.com', '(587) 555-0404', 'Client');

-- =============================================================================
-- Horses
-- =============================================================================

-- Rachel Dunmore's horses (Sunrise Stables)
INSERT IGNORE INTO Horse (Hname, Gender, Discipline, Height, Birthdate, Breed, Conf_notes, Bname, Cusername, Status)
VALUES ('Copper', 'M', 'Trail Riding', 15, '2015-04-12', 'Quarter Horse',
        'Strong hindquarters, slight rotation in left front hoof. Monitor closely.',
        'Sunrise Stables', 'rdunmore', 1);

INSERT IGNORE INTO Horse (Hname, Gender, Discipline, Height, Birthdate, Breed, Conf_notes, Bname, Cusername, Status)
VALUES ('Luna', 'F', 'Dressage', 16, '2018-07-03', 'Hanoverian',
        'Well balanced. Minor asymmetry in right rear — no current concerns.',
        'Sunrise Stables', 'rdunmore', 1);

INSERT IGNORE INTO Horse (Hname, Gender, Discipline, Height, Birthdate, Breed, Conf_notes, Bname, Cusername, Status)
VALUES ('Biscuit', 'M', 'Trail Riding', 14, '2012-03-18', 'Quarter Horse',
        'Older gelding, sound and reliable. Slight arthritis in right front. Monitor in cold weather.',
        'Sunrise Stables', 'rdunmore', 1);
        
-- James Whitfield's horses (Pinewood Equestrian)
INSERT IGNORE INTO Horse (Hname, Gender, Discipline, Height, Birthdate, Breed, Conf_notes, Bname, Cusername, Status)
VALUES ('Maverick', 'M', 'Jumping', 17, '2016-02-20', 'Warmblood',
        'Excellent conformation. Watch left front fetlock after heavy jumping sessions.',
        'Pinewood Equestrian', 'jwhitfield', 1);

INSERT IGNORE INTO Horse (Hname, Gender, Discipline, Height, Birthdate, Breed, Conf_notes, Bname, Cusername, Status)
VALUES ('Rio', 'F', 'Dressage', 16, '2020-01-14', 'Lusitano',
        'Young mare, still developing. Good overall balance. Watch for overreaching on left rear.',
        'Pinewood Equestrian', 'jwhitfield', 1);

INSERT IGNORE INTO Horse (Hname, Gender, Discipline, Height, Birthdate, Breed, Conf_notes, Bname, Cusername, Status)
VALUES ('Thunder', 'M', 'Jumping', 17, '2015-08-22', 'Irish Sport Horse',
        'Large framed horse. Requires wide web shoes on all four. Strong and forward going.',
        'Pinewood Equestrian', 'jwhitfield', 1);

-- Sophie Larsen's horses (Rocky View Ranch)
INSERT IGNORE INTO Horse (Hname, Gender, Discipline, Height, Birthdate, Breed, Conf_notes, Bname, Cusername, Status)
VALUES ('Stella', 'F', 'Barrel Racing', 15, '2017-09-15', 'Appaloosa',
        'Short upright pasterns. Custom shoe angle recommended for barrel work.',
        'Rocky View Ranch', 'slarsen', 1);

INSERT IGNORE INTO Horse (Hname, Gender, Discipline, Height, Birthdate, Breed, Conf_notes, Bname, Cusername, Status)
VALUES ('Duke', 'M', 'Trail Riding', 14, '2010-11-30', 'Morgan',
        'Senior horse. Arthritic changes in both rear hooves. Therapeutic shoeing required.',
        'Rocky View Ranch', 'slarsen', 1);

INSERT IGNORE INTO Horse (Hname, Gender, Discipline, Height, Birthdate, Breed, Conf_notes, Bname, Cusername, Status)
VALUES ('Penny', 'F', 'Barrel Racing', 14, '2019-07-12', 'Paint',
        'Compact and athletic. Good conformation overall. Tends to wear toes on fronts — check breakover angle.',
        'Rocky View Ranch', 'slarsen', 1);

-- Marcus Bellingham's horses (Sunrise Stables)
INSERT IGNORE INTO Horse (Hname, Gender, Discipline, Height, Birthdate, Breed, Conf_notes, Bname, Cusername, Status)
VALUES ('Atlas', 'M', 'Polo', 15, '2019-06-08', 'Thoroughbred',
        'Good overall balance. Thin soles — use pads when transitioning to hard ground.',
        'Sunrise Stables', 'mbellingham', 1);

INSERT IGNORE INTO Horse (Hname, Gender, Discipline, Height, Birthdate, Breed, Conf_notes, Bname, Cusername, Status)
VALUES ('Zara', 'F', 'Polo', 15, '2018-11-05', 'Thoroughbred',
        'Well balanced mare. Thin walls on both fronts — use copper sulphate treatment between visits.',
        'Rocky View Ranch', 'mbellingham', 1);

INSERT IGNORE INTO Horse (Hname, Gender, Discipline, Height, Birthdate, Breed, Conf_notes, Bname, Cusername, Status)
VALUES ('Goliath', 'M', 'Polo', 17, '2016-05-30', 'Warmblood',
        'Very large horse, requires draft-sized shoes. Calm temperament, easy to work with.',
        'Sunrise Stables', 'mbellingham', 1);


-- =============================================================================
-- Horse Images
-- =============================================================================

INSERT IGNORE INTO Image (Hname, Date, Context, Image_path)
VALUES ('Copper', '2023-09-01', 'Conformation photo', 'uploads/images/horses_by_name/Copper/Copper_seed_image.jpg');

INSERT IGNORE INTO Image (Hname, Date, Context, Image_path)
VALUES ('Luna', '2023-09-01', 'Conformation photo', 'uploads/images/horses_by_name/Luna/Luna_seed_image.jpg');

INSERT IGNORE INTO Image (Hname, Date, Context, Image_path)
VALUES ('Biscuit', '2023-09-01', 'Conformation photo', 'uploads/images/horses_by_name/Biscuit/Biscuit_seed_image.jpg');

INSERT IGNORE INTO Image (Hname, Date, Context, Image_path)
VALUES ('Maverick', '2023-09-01', 'Conformation photo', 'uploads/images/horses_by_name/Maverick/Maverick_seed_image.jpg');

INSERT IGNORE INTO Image (Hname, Date, Context, Image_path)
VALUES ('Rio', '2023-09-01', 'Conformation photo', 'uploads/images/horses_by_name/Rio/Rio_seed_image.jpg');

INSERT IGNORE INTO Image (Hname, Date, Context, Image_path)
VALUES ('Thunder', '2023-09-01', 'Conformation photo', 'uploads/images/horses_by_name/Thunder/Thunder_seed_image.jpg');

INSERT IGNORE INTO Image (Hname, Date, Context, Image_path)
VALUES ('Stella', '2023-09-01', 'Conformation photo', 'uploads/images/horses_by_name/Stella/Stella_seed_image.jpg');

INSERT IGNORE INTO Image (Hname, Date, Context, Image_path)
VALUES ('Duke', '2023-09-01', 'Conformation photo', 'uploads/images/horses_by_name/Duke/Duke_seed_image.jpg');

INSERT IGNORE INTO Image (Hname, Date, Context, Image_path)
VALUES ('Penny', '2023-09-01', 'Conformation photo', 'uploads/images/horses_by_name/Penny/Penny_seed_image.jpg');

INSERT IGNORE INTO Image (Hname, Date, Context, Image_path)
VALUES ('Atlas', '2023-09-01', 'Conformation photo', 'uploads/images/horses_by_name/Atlas/Atlas_seed_image.jpg');

INSERT IGNORE INTO Image (Hname, Date, Context, Image_path)
VALUES ('Zara', '2023-09-01', 'Conformation photo', 'uploads/images/horses_by_name/Zara/Zara_seed_image.jpg');

INSERT IGNORE INTO Image (Hname, Date, Context, Image_path)
VALUES ('Goliath', '2023-09-01', 'Conformation photo', 'uploads/images/horses_by_name/Goliath/Goliath_seed_image.jpg');

-- =============================================================================
-- Shoeing Protocols
-- =============================================================================

-- Copper (Rachel) - current protocol
INSERT IGNORE INTO Shoeing_Protocol (Hname, Date, Left_Front, Right_Front, Left_Rear, Right_Rear, Status, Notes)
VALUES ('Copper', '2023-09-01', 'Regular steel shoe', 'Regular steel shoe with wedge pad', 'Regular steel shoe', 'Regular steel shoe',
        0, 'Added wedge pad to right front to address rotation. Review in 6 weeks.');

INSERT IGNORE INTO Shoeing_Protocol (Hname, Date, Left_Front, Right_Front, Left_Rear, Right_Rear, Status, Notes)
VALUES ('Copper', '2023-11-15', 'Regular steel shoe', 'Custom steel shoe with 2 degree wedge', 'Regular steel shoe', 'Regular steel shoe',
        1, 'Rotation improving. Continue with wedge on right front. Next visit in 8 weeks.');

-- Luna (Rachel) - current protocol
INSERT IGNORE INTO Shoeing_Protocol (Hname, Date, Left_Front, Right_Front, Left_Rear, Right_Rear, Status, Notes)
VALUES ('Luna', '2023-10-10', 'Regular steel shoe', 'Regular steel shoe', 'Regular steel shoe', 'Regular steel shoe with lateral extension',
        1, 'Lateral extension on right rear to address asymmetry. Monitor.');

-- Maverick (James) - current protocol
INSERT IGNORE INTO Shoeing_Protocol (Hname, Date, Left_Front, Right_Front, Left_Rear, Right_Rear, Status, Notes)
VALUES ('Maverick', '2023-10-22', 'Regular steel shoe', 'Regular steel shoe', 'Regular steel shoe', 'Regular steel shoe',
        1, 'Standard set. No issues. Next visit in 8 weeks.');

-- Duke (Sophie) - therapeutic shoeing
INSERT IGNORE INTO Shoeing_Protocol (Hname, Date, Left_Front, Right_Front, Left_Rear, Right_Rear, Status, Notes)
VALUES ('Duke', '2023-09-15', 'Egg bar shoe', 'Egg bar shoe', 'Egg bar shoe with pad', 'Egg bar shoe with pad',
        0, 'Egg bar shoes applied to all four hooves to relieve arthritic pressure.');

INSERT IGNORE INTO Shoeing_Protocol (Hname, Date, Left_Front, Right_Front, Left_Rear, Right_Rear, Status, Notes)
VALUES ('Duke', '2023-11-20', 'Egg bar shoe with gel pad', 'Egg bar shoe with gel pad', 'Egg bar shoe with gel pad', 'Egg bar shoe with gel pad',
        1, 'Upgraded to gel pads for additional cushioning. Horse showing improved comfort.');

-- Stella (Sophie) - custom angle
INSERT IGNORE INTO Shoeing_Protocol (Hname, Date, Left_Front, Right_Front, Left_Rear, Right_Rear, Status, Notes)
VALUES ('Stella', '2023-10-05', 'Custom angled shoe 55 degrees', 'Custom angled shoe 55 degrees', 'Regular steel shoe', 'Regular steel shoe',
        1, 'Custom angle on fronts for barrel racing. Rears standard.');

-- Atlas (Marcus)
INSERT IGNORE INTO Shoeing_Protocol (Hname, Date, Left_Front, Right_Front, Left_Rear, Right_Rear, Status, Notes)
VALUES ('Atlas', '2023-11-01', 'Steel shoe with rim pad', 'Steel shoe with rim pad', 'Regular steel shoe', 'Regular steel shoe',
        1, 'Rim pads on fronts to protect thin soles. Reassess after transition to grass.');

-- Biscuit (Rachel)
INSERT IGNORE INTO Shoeing_Protocol (Hname, Date, Left_Front, Right_Front, Left_Rear, Right_Rear, Status, Notes)
VALUES ('Biscuit', '2023-10-18', 'Egg bar shoe', 'Egg bar shoe with gel pad', 'Regular steel shoe', 'Regular steel shoe',
        1, 'Egg bar on fronts to support mild arthritis. Gel pad on right front for additional comfort.');

-- Rio (James)
INSERT IGNORE INTO Shoeing_Protocol (Hname, Date, Left_Front, Right_Front, Left_Rear, Right_Rear, Status, Notes)
VALUES ('Rio', '2023-11-08', 'Regular steel shoe', 'Regular steel shoe', 'Regular steel shoe with rolled toe', 'Regular steel shoe',
        1, 'Rolled toe on left rear to address overreaching. Reassess in 6 weeks.');

-- Thunder (James)
INSERT IGNORE INTO Shoeing_Protocol (Hname, Date, Left_Front, Right_Front, Left_Rear, Right_Rear, Status, Notes)
VALUES ('Thunder', '2023-10-30', 'Wide web steel shoe', 'Wide web steel shoe', 'Wide web steel shoe', 'Wide web steel shoe',
        1, 'Wide web shoes all round to suit large frame. Standard set otherwise.');

-- Zara (Marcus)
INSERT IGNORE INTO Shoeing_Protocol (Hname, Date, Left_Front, Right_Front, Left_Rear, Right_Rear, Status, Notes)
VALUES ('Zara', '2023-11-12', 'Steel shoe with copper sulphate pad', 'Steel shoe with copper sulphate pad', 'Regular steel shoe', 'Regular steel shoe',
        1, 'Copper sulphate pads on fronts to address thin walls. Monitor wall quality at next visit.');

-- Goliath (Marcus)
INSERT IGNORE INTO Shoeing_Protocol (Hname, Date, Left_Front, Right_Front, Left_Rear, Right_Rear, Status, Notes)
VALUES ('Goliath', '2023-11-02', 'Draft steel shoe', 'Draft steel shoe', 'Draft steel shoe', 'Draft steel shoe',
        1, 'Full draft shoe set. No issues. Large but cooperative — easy visit.');

-- Penny (Sophie)
INSERT IGNORE INTO Shoeing_Protocol (Hname, Date, Left_Front, Right_Front, Left_Rear, Right_Rear, Status, Notes)
VALUES ('Penny', '2023-10-25', 'Steel shoe with rolled toe', 'Steel shoe with rolled toe', 'Regular steel shoe', 'Regular steel shoe',
        1, 'Rolled toe on both fronts to correct breakover angle and reduce toe wear.');

-- Copper (Rachel) - archived protocols before current
INSERT IGNORE INTO Shoeing_Protocol (Hname, Date, Left_Front, Right_Front, Left_Rear, Right_Rear, Status, Notes)
VALUES ('Copper', '2023-03-10', 'Regular steel shoe', 'Regular steel shoe', 'Regular steel shoe', 'Regular steel shoe',
        0, 'Standard set. No issues noted at this visit.');

INSERT IGNORE INTO Shoeing_Protocol (Hname, Date, Left_Front, Right_Front, Left_Rear, Right_Rear, Status, Notes)
VALUES ('Copper', '2023-05-20', 'Regular steel shoe', 'Regular steel shoe', 'Regular steel shoe', 'Regular steel shoe',
        0, 'Beginning to notice slight rotation in left front coffin bone. Will monitor closely.');

INSERT IGNORE INTO Shoeing_Protocol (Hname, Date, Left_Front, Right_Front, Left_Rear, Right_Rear, Status, Notes)
VALUES ('Copper', '2023-07-14', 'Regular steel shoe', 'Regular steel shoe with wedge pad', 'Regular steel shoe', 'Regular steel shoe',
        0, 'Added wedge pad to right front to begin addressing rotation. Owner notified.');

-- Maverick (James) - archived protocols before current
INSERT IGNORE INTO Shoeing_Protocol (Hname, Date, Left_Front, Right_Front, Left_Rear, Right_Rear, Status, Notes)
VALUES ('Maverick', '2023-02-15', 'Regular steel shoe', 'Regular steel shoe', 'Regular steel shoe', 'Regular steel shoe',
        0, 'First visit with this horse. Good conformation, no concerns.');

INSERT IGNORE INTO Shoeing_Protocol (Hname, Date, Left_Front, Right_Front, Left_Rear, Right_Rear, Status, Notes)
VALUES ('Maverick', '2023-04-28', 'Regular steel shoe', 'Regular steel shoe', 'Regular steel shoe', 'Regular steel shoe',
        0, 'Standard set. Left front fetlock slightly warm post-competition. Owner advised to rest.');

INSERT IGNORE INTO Shoeing_Protocol (Hname, Date, Left_Front, Right_Front, Left_Rear, Right_Rear, Status, Notes)
VALUES ('Maverick', '2023-07-03', 'Regular steel shoe', 'Regular steel shoe', 'Regular steel shoe', 'Regular steel shoe',
        0, 'Fetlock inflammation resolved. Back to full work. No shoeing changes required.');

INSERT IGNORE INTO Shoeing_Protocol (Hname, Date, Left_Front, Right_Front, Left_Rear, Right_Rear, Status, Notes)
VALUES ('Maverick', '2023-08-19', 'Regular steel shoe', 'Regular steel shoe', 'Regular steel shoe', 'Regular steel shoe',
        0, 'Standard set ahead of autumn competition season. Horse in excellent condition.');

-- Duke (Sophie) - archived protocols before current
INSERT IGNORE INTO Shoeing_Protocol (Hname, Date, Left_Front, Right_Front, Left_Rear, Right_Rear, Status, Notes)
VALUES ('Duke', '2023-01-12', 'Regular steel shoe', 'Regular steel shoe', 'Regular steel shoe', 'Regular steel shoe',
        0, 'First visit with Duke. Some stiffness in rear end noted. Owner reports gradual onset over past year.');

INSERT IGNORE INTO Shoeing_Protocol (Hname, Date, Left_Front, Right_Front, Left_Rear, Right_Rear, Status, Notes)
VALUES ('Duke', '2023-03-22', 'Regular steel shoe with pad', 'Regular steel shoe with pad', 'Regular steel shoe', 'Regular steel shoe',
        0, 'Added pads to fronts following vet recommendation. Mild improvement in movement reported by owner.');

INSERT IGNORE INTO Shoeing_Protocol (Hname, Date, Left_Front, Right_Front, Left_Rear, Right_Rear, Status, Notes)
VALUES ('Duke', '2023-05-30', 'Egg bar shoe', 'Egg bar shoe', 'Regular steel shoe', 'Regular steel shoe',
        0, 'Transitioned fronts to egg bar shoes following arthritis confirmation from Dr. Holloway. Rears still standard.');

INSERT IGNORE INTO Shoeing_Protocol (Hname, Date, Left_Front, Right_Front, Left_Rear, Right_Rear, Status, Notes)
VALUES ('Duke', '2023-07-18', 'Egg bar shoe', 'Egg bar shoe', 'Egg bar shoe', 'Egg bar shoe',
        0, 'Extended egg bar shoes to all four hooves. Owner reports noticeably improved comfort and willingness to move.');

-- =============================================================================
-- Invoices
-- =============================================================================

INSERT IGNORE INTO Invoice (Number, Status, Fusername, Cusername)
VALUES (1, 1, 'admin', 'rdunmore');

INSERT IGNORE INTO Invoice (Number, Status, Fusername, Cusername)
VALUES (2, 1, 'admin', 'rdunmore');

INSERT IGNORE INTO Invoice (Number, Status, Fusername, Cusername)
VALUES (3, 0, 'admin', 'jwhitfield');

INSERT IGNORE INTO Invoice (Number, Status, Fusername, Cusername)
VALUES (4, 1, 'admin', 'slarsen');

INSERT IGNORE INTO Invoice (Number, Status, Fusername, Cusername)
VALUES (5, 0, 'admin', 'slarsen');

INSERT IGNORE INTO Invoice (Number, Status, Fusername, Cusername)
VALUES (6, 0, 'admin', 'mbellingham');

-- =============================================================================
-- Invoice Items
-- =============================================================================

-- Invoice 1 - Rachel, September visit (Copper)
INSERT INTO Invoice_Item (Inumber, Hname, Idescription, Price, Date)
VALUES (1, 'Copper', 'Full shoe set', 160, '2023-09-01');
INSERT INTO Invoice_Item (Inumber, Hname, Idescription, Price, Date)
VALUES (1, 'Copper', 'Wedge pad - right front', 25, '2023-09-01');

-- Invoice 2 - Rachel, November visit (Copper + Luna)
INSERT INTO Invoice_Item (Inumber, Hname, Idescription, Price, Date)
VALUES (2, 'Copper', 'Full shoe set', 160, '2023-11-15');
INSERT INTO Invoice_Item (Inumber, Hname, Idescription, Price, Date)
VALUES (2, 'Copper', 'Custom wedge shoe - right front', 45, '2023-11-15');
INSERT INTO Invoice_Item (Inumber, Hname, Idescription, Price, Date)
VALUES (2, 'Luna', 'Full shoe set', 160, '2023-11-15');
INSERT INTO Invoice_Item (Inumber, Hname, Idescription, Price, Date)
VALUES (2, 'Luna', 'Lateral extension - right rear', 35, '2023-11-15');

-- Invoice 3 - James, October visit (Maverick) - unpaid
INSERT INTO Invoice_Item (Inumber, Hname, Idescription, Price, Date)
VALUES (3, 'Maverick', 'Full shoe set', 180, '2023-10-22');
INSERT INTO Invoice_Item (Inumber, Hname, Idescription, Price, Date)
VALUES (3, 'Maverick', 'Trim and balance check', 40, '2023-10-22');

-- Invoice 4 - Sophie, September visit (Duke)
INSERT INTO Invoice_Item (Inumber, Hname, Idescription, Price, Date)
VALUES (4, 'Duke', 'Therapeutic egg bar shoe set', 220, '2023-09-15');

-- Invoice 5 - Sophie, November visit (Duke + Stella) - unpaid
INSERT INTO Invoice_Item (Inumber, Hname, Idescription, Price, Date)
VALUES (5, 'Duke', 'Therapeutic egg bar shoe set with gel pads', 260, '2023-11-20');
INSERT INTO Invoice_Item (Inumber, Hname, Idescription, Price, Date)
VALUES (5, 'Stella', 'Custom angled shoe set - fronts', 190, '2023-11-20');
INSERT INTO Invoice_Item (Inumber, Hname, Idescription, Price, Date)
VALUES (5, 'Stella', 'Standard shoe set - rears', 120, '2023-11-20');

-- Invoice 6 - Marcus, November visit (Atlas) - unpaid
INSERT INTO Invoice_Item (Inumber, Hname, Idescription, Price, Date)
VALUES (6, 'Atlas', 'Full shoe set', 180, '2023-11-01');
INSERT INTO Invoice_Item (Inumber, Hname, Idescription, Price, Date)
VALUES (6, 'Atlas', 'Rim pads - both fronts', 50, '2023-11-01');

-- =============================================================================
-- Medical Records
-- =============================================================================

-- Copper (Rachel) - rotation in left front
INSERT IGNORE INTO Medical_Record (Hname, Date, Status, Filepath, Ailment, Pname)
VALUES ('Copper', '2023-08-10', 0, 'uploads/medical_records/Copper/Copper_Dr. Sarah Mitchell_2023-08-10.pdf',
        'Mild rotation in left front coffin bone confirmed via radiograph. Wedge shoe recommended. Monitor at each visit.',
        'Dr. Sarah Mitchell');

-- Luna (Rachel) - asymmetry
INSERT IGNORE INTO Medical_Record (Hname, Date, Status, Filepath, Ailment, Pname)
VALUES ('Luna', '2023-09-20', 1, 'uploads/medical_records/Luna/Luna_Dr. Linda Park_2023-09-20.pdf',
        'Mild asymmetry in right rear. Chiropractic adjustment performed. Lateral extension recommended at next shoeing.',
        'Dr. Linda Park');

-- Biscuit (Rachel) - arthritis
INSERT IGNORE INTO Medical_Record (Hname, Date, Status, Filepath, Ailment, Pname)
VALUES ('Biscuit', '2023-07-15', 1, 'uploads/medical_records/Biscuit/Biscuit_Dr. James Holloway_2023-07-15.pdf',
        'Mild arthritic changes in right front fetlock joint. Anti-inflammatory prescribed. Egg bar shoe recommended.',
        'Dr. James Holloway');

-- Maverick (James) - fetlock inflammation
INSERT IGNORE INTO Medical_Record (Hname, Date, Status, Filepath, Ailment, Pname)
VALUES ('Maverick', '2023-09-05', 0, 'uploads/medical_records/Maverick/Maverick_Dr. Sarah Mitchell_2023-09-05.pdf',
        'Mild inflammation in left front fetlock post-competition. Rest and anti-inflammatory prescribed. Resolved.',
        'Dr. Sarah Mitchell');

-- Rio (James) - overreaching
INSERT IGNORE INTO Medical_Record (Hname, Date, Status, Filepath, Ailment, Pname)
VALUES ('Rio', '2023-11-08', 1, 'uploads/medical_records/Rio/Rio_Dr. Linda Park_2023-11-08.pdf',
        'Slight overreaching detected on left rear at trot. No interference marks yet. Rolled toe applied as preventative measure.',
        'Dr. Linda Park');

-- Thunder (James) - general checkup
INSERT IGNORE INTO Medical_Record (Hname, Date, Status, Filepath, Ailment, Pname)
VALUES ('Thunder', '2023-10-30', 0, 'uploads/medical_records/Thunder/Thunder_Dr. James Holloway_2023-10-30.pdf',
        'Annual wellness check. No significant concerns. Wide web shoes confirmed appropriate for frame size.',
        'Dr. James Holloway');

-- Stella (Sophie) - upright pasterns
INSERT IGNORE INTO Medical_Record (Hname, Date, Status, Filepath, Ailment, Pname)
VALUES ('Stella', '2023-08-12', 0, 'uploads/medical_records/Stella/Stella_Dr. Sarah Mitchell_2023-08-12.pdf',
        'Upright pastern conformation confirmed. Custom angle shoe recommended to improve breakover and reduce toe wear.',
        'Dr. Sarah Mitchell');

-- Duke (Sophie) - degenerative joint disease
INSERT IGNORE INTO Medical_Record (Hname, Date, Status, Filepath, Ailment, Pname)
VALUES ('Duke', '2023-07-20', 1, 'uploads/medical_records/Duke/Duke_Dr. James Holloway_2023-07-20.pdf',
        'Degenerative joint disease confirmed in both rear fetlocks. Therapeutic shoeing and joint supplement recommended.',
        'Dr. James Holloway');

INSERT IGNORE INTO Medical_Record (Hname, Date, Status, Filepath, Ailment, Pname)
VALUES ('Duke', '2023-11-20', 1, 'uploads/medical_records/Duke/Duke_Dr. James Holloway_2023-11-20.pdf',
        'Follow-up assessment. Condition stable. Gel pad upgrade approved. Continue therapeutic protocol indefinitely.',
        'Dr. James Holloway');

-- Penny (Sophie) - breakover angle
INSERT IGNORE INTO Medical_Record (Hname, Date, Status, Filepath, Ailment, Pname)
VALUES ('Penny', '2023-10-25', 0, 'uploads/medical_records/Penny/Penny_Dr. Sarah Mitchell_2023-10-25.pdf',
        'Excessive toe wear on fronts confirmed. Breakover angle assessment performed. Rolled toe shoes applied.',
        'Dr. Sarah Mitchell');

-- Atlas (Marcus) - thin soles
INSERT IGNORE INTO Medical_Record (Hname, Date, Status, Filepath, Ailment, Pname)
VALUES ('Atlas', '2023-10-15', 0, 'uploads/medical_records/Atlas/Atlas_Dr. Linda Park_2023-10-15.pdf',
        'Thin sole confirmation. Rim pads recommended to prevent bruising on hard ground.',
        'Dr. Linda Park');

-- Zara (Marcus) - thin walls
INSERT IGNORE INTO Medical_Record (Hname, Date, Status, Filepath, Ailment, Pname)
VALUES ('Zara', '2023-11-12', 1, 'uploads/medical_records/Zara/Zara_Dr. Sarah Mitchell_2023-11-12.pdf',
        'Thin hoof walls on both fronts. Copper sulphate treatment initiated. Biotin supplement recommended.',
        'Dr. Sarah Mitchell');

-- Goliath (Marcus) - general checkup
INSERT IGNORE INTO Medical_Record (Hname, Date, Status, Filepath, Ailment, Pname)
VALUES ('Goliath', '2023-11-02', 0, 'uploads/medical_records/Goliath/Goliath_Dr. James Holloway_2023-11-02.pdf',
        'Annual wellness check for large-framed horse. No concerns. Draft shoe sizing confirmed appropriate.',
        'Dr. James Holloway');

-- =============================================================================
-- Analysis Records
-- =============================================================================

INSERT IGNORE INTO Analysis (Analysis_path, Date, Type, Details, Hname)
VALUES ('uploads/analysis/Biscuit_xray_2023-10.png', '2023-10-18', 'Radiograph',
        'Mild arthritic changes confirmed in right front coffin joint. Consistent with clinical presentation. Egg bar shoe recommended to offload pressure.',
        'Biscuit');

INSERT IGNORE INTO Analysis (Analysis_path, Date, Type, Details, Hname)
VALUES ('uploads/analysis/Rio_gait_2023-11.png', '2023-11-08', 'Gait Analysis',
        'Slight overreaching detected on left rear at trot. No interference marks yet. Rolled toe applied as preventative measure.',
        'Rio');

INSERT IGNORE INTO Analysis (Analysis_path, Date, Type, Details, Hname)
VALUES ('uploads/analysis/Zara_posture_2023-11.png', '2023-11-12', 'Posture',
        'Good overall posture. Thin hoof walls noted on both fronts — copper sulphate treatment initiated. Re-evaluate wall quality at next visit.',
        'Zara');

-- Copper (Rachel)
INSERT IGNORE INTO Analysis (Analysis_path, Date, Type, Details, Hname)
VALUES ('uploads/analysis/Copper_gait_2023-05.png', '2023-05-20', 'Gait Analysis',
        'Subtle compensation pattern detected in left front at trot. Consistent with early rotation in coffin bone confirmed by subsequent radiograph. Wedge pad recommended.',
        'Copper');

INSERT IGNORE INTO Analysis (Analysis_path, Date, Type, Details, Hname)
VALUES ('uploads/analysis/Copper_posture_2023-07.png', '2023-07-14', 'Posture',
        'Slight asymmetry in shoulder loading consistent with left front discomfort. Horse shifting weight to compensate. Wedge pad applied this visit — reassess at next appointment.',
        'Copper');

INSERT IGNORE INTO Analysis (Analysis_path, Date, Type, Details, Hname)
VALUES ('uploads/analysis/Copper_xray_2023-11.png', '2023-11-15', 'Radiograph',
        'Follow-up radiograph confirms rotation is stabilizing. Custom wedge shoe maintaining correct alignment. Continue current protocol and reassess in 3 months.',
        'Copper');

-- Luna (Rachel)
INSERT IGNORE INTO Analysis (Analysis_path, Date, Type, Details, Hname)
VALUES ('uploads/analysis/Luna_posture_2023-08.png', '2023-08-05', 'Posture',
        'Minor asymmetry in hindquarter loading — right rear bearing slightly less weight. No lameness detected. Lateral extension recommended at next shoeing appointment.',
        'Luna');

INSERT IGNORE INTO Analysis (Analysis_path, Date, Type, Details, Hname)
VALUES ('uploads/analysis/Luna_gait_2023-10.png', '2023-10-10', 'Gait Analysis',
        'Gait analysis post lateral extension application. Improvement in right rear loading symmetry noted at all gaits. Owner reports improved movement quality under saddle.',
        'Luna');

-- Maverick (James)
INSERT IGNORE INTO Analysis (Analysis_path, Date, Type, Details, Hname)
VALUES ('uploads/analysis/Maverick_gait_2023-04.png', '2023-04-28', 'Gait Analysis',
        'Slight shortening of stride on left front following recent competition. Consistent with mild fetlock inflammation reported by owner. Rest and anti-inflammatory prescribed by Dr. Mitchell.',
        'Maverick');

INSERT IGNORE INTO Analysis (Analysis_path, Date, Type, Details, Hname)
VALUES ('uploads/analysis/Maverick_gait_2023-07.png', '2023-07-03', 'Gait Analysis',
        'Follow-up gait analysis post rest period. Stride length symmetrical at walk and trot. Cleared for return to full work and competition schedule.',
        'Maverick');

INSERT IGNORE INTO Analysis (Analysis_path, Date, Type, Details, Hname)
VALUES ('uploads/analysis/Maverick_posture_2023-10.png', '2023-10-22', 'Posture',
        'Good overall posture and muscular symmetry. No concerns. Horse in peak condition ahead of winter season.',
        'Maverick');

-- Stella (Sophie)
INSERT IGNORE INTO Analysis (Analysis_path, Date, Type, Details, Hname)
VALUES ('uploads/analysis/Stella_gait_2023-08.png', '2023-08-12', 'Gait Analysis',
        'Gait analysis requested by owner ahead of competition season. Upright pasterns causing shortened anterior phase of stride on fronts. Custom angle shoe recommended.',
        'Stella');

INSERT IGNORE INTO Analysis (Analysis_path, Date, Type, Details, Hname)
VALUES ('uploads/analysis/Stella_equigate_2023-10.png', '2023-10-05', 'Equigate',
        'Equigate analysis post custom angle shoe application. Marked improvement in anterior stride length on both fronts. Owner reports improved barrel times. Continue current protocol.',
        'Stella');

INSERT IGNORE INTO Analysis (Analysis_path, Date, Type, Details, Hname)
VALUES ('uploads/analysis/Stella_posture_2023-10.png', '2023-10-05', 'Posture',
        'Posture assessment alongside Equigate analysis. Upright conformation managed well by custom shoeing angle. No secondary compensation patterns detected.',
        'Stella');

-- Duke (Sophie)
INSERT IGNORE INTO Analysis (Analysis_path, Date, Type, Details, Hname)
VALUES ('uploads/analysis/Duke_xray_2023-01.png', '2023-01-12', 'Radiograph',
        'Initial radiograph requested following owner report of gradual stiffness onset. Early degenerative joint changes confirmed in both rear fetlocks. Therapeutic shoeing protocol initiated.',
        'Duke');

INSERT IGNORE INTO Analysis (Analysis_path, Date, Type, Details, Hname)
VALUES ('uploads/analysis/Duke_gait_2023-05.png', '2023-05-30', 'Gait Analysis',
        'Gait analysis following transition to egg bar shoes on fronts. Moderate improvement in movement fluidity. Stiffness still evident in rears — egg bar shoes extended to all four at this visit.',
        'Duke');

INSERT IGNORE INTO Analysis (Analysis_path, Date, Type, Details, Hname)
VALUES ('uploads/analysis/Duke_gait_2023-11.png', '2023-11-20', 'Gait Analysis',
        'Significant improvement in overall gait quality since gel pad upgrade. Owner reports horse is noticeably more comfortable and willing. Continue therapeutic protocol indefinitely.',
        'Duke');

INSERT IGNORE INTO Analysis (Analysis_path, Date, Type, Details, Hname)
VALUES ('uploads/analysis/Duke_xray_2023-07.png', '2023-07-18', 'Radiograph',
        'Follow-up radiograph confirms degenerative changes are stable — no further progression since January. Therapeutic shoeing appears to be managing the condition effectively.',
        'Duke');

-- Atlas (Marcus)
INSERT IGNORE INTO Analysis (Analysis_path, Date, Type, Details, Hname)
VALUES ('uploads/analysis/Atlas_posture_2023-08.png', '2023-08-20', 'Posture',
        'Posture assessment ahead of polo season. Good overall balance and muscular development. Thin soles noted on fronts — owner advised to avoid hard or rocky ground where possible.',
        'Atlas');

INSERT IGNORE INTO Analysis (Analysis_path, Date, Type, Details, Hname)
VALUES ('uploads/analysis/Atlas_equigate_2023-11.png', '2023-11-01', 'Equigate',
        'Equigate analysis post rim pad application. No negative impact on stride length or speed. Pads providing adequate sole protection on hard ground surfaces.',
        'Atlas');

INSERT IGNORE INTO Analysis (Analysis_path, Date, Type, Details, Hname)
VALUES ('uploads/analysis/Atlas_gait_2023-09.png', '2023-09-14', 'Gait Analysis',
        'Pre-season gait analysis. Fluid movement at all gaits. No asymmetry detected. Thin soles remain the only concern — monitor closely as ground hardens going into autumn.',
        'Atlas');