-- =============================================================================
-- Equiterra Database (MySQL) Seed Script - FOR DEMO USE ONLY
-- =============================================================================

USE equiterra;

-- =============================================================================
-- Farrier / Admin
-- =============================================================================

INSERT IGNORE INTO Farrier (Fusername, Fpassword, Fname)
VALUES ('admin', 'open sesame!', 'Aidan Sloman');

INSERT IGNORE INTO Web_user (Username, Password, Name, Email, Phone_num, User_type)
VALUES ('admin', 'open sesame!', 'Aidan Sloman', 'aidan@equiterra.ca', '(403) 555-0101', 'Admin');

-- =============================================================================
-- Practitioners (Vets / Other)
-- =============================================================================

INSERT IGNORE INTO Practitioner (Pname, Phone_num, Email, Type)
VALUES ('Dr. Sarah Mitchell', '(403) 555-0201', 'smitchell@calgaryvets.ca', 'Veterinarian');

INSERT IGNORE INTO Practitioner (Pname, Phone_num, Email, Type)
VALUES ('Dr. James Holloway', '(403) 555-0202', 'jholloway@equinehealth.ca', 'Veterinarian');

INSERT IGNORE INTO Practitioner (Pname, Phone_num, Email, Type)
VALUES ('Dr. Linda Park', '(403) 555-0203', 'lpark@prairievet.ca', 'Chiropractor');

-- =============================================================================
-- Barns
-- =============================================================================

INSERT IGNORE INTO Barn (Bname, Contact, Email, Phone_num, Street_num, Street_name, City, Province, Postal_code)
VALUES ('Sunrise Stables', 'Tom Brecker', 'tom@sunrisestables.ca', '(403) 555-0301', 441, 'Range Rd', 'Calgary', 'AB', 'T3Z 2K1');

INSERT IGNORE INTO Barn (Bname, Contact, Email, Phone_num, Street_num, Street_name, City, Province, Postal_code)
VALUES ('Pinewood Equestrian', 'Carol Finch', 'carol@pinewoodequestrian.ca', '(403) 555-0302', 88, 'Pine Creek', 'Okotoks', 'AB', 'T1S 1A2');

INSERT IGNORE INTO Barn (Bname, Contact, Email, Phone_num, Street_num, Street_name, City, Province, Postal_code)
VALUES ('Rocky View Ranch', 'Dale Hurst', 'dale@rockyviewranch.ca', '(403) 555-0303', 210, 'Bison Blvd', 'Cochrane', 'AB', 'T4C 1B3');

-- =============================================================================
-- Clients
-- Note: Cusername and Cpassword are auto-generated by triggers on INSERT.
-- The values inserted here will be overwritten by the triggers.
-- =============================================================================

INSERT IGNORE INTO Client (Cusername, Cpassword, Cname, Email, Phone_num)
VALUES ('', '', 'Rachel Dunmore', 'rachel.dunmore@gmail.com', '(403) 555-0401');

INSERT IGNORE INTO Client (Cusername, Cpassword, Cname, Email, Phone_num)
VALUES ('', '', 'James Whitfield', 'jwhitfield@outlook.com', '(403) 555-0402');

INSERT IGNORE INTO Client (Cusername, Cpassword, Cname, Email, Phone_num)
VALUES ('', '', 'Sophie Larsen', 'slarsen@hotmail.com', '(587) 555-0403');

INSERT IGNORE INTO Client (Cusername, Cpassword, Cname, Email, Phone_num)
VALUES ('', '', 'Marcus Bellingham', 'mbellingham@gmail.com', '(587) 555-0404');

-- Web_user entries for clients (for login access)
INSERT IGNORE INTO Web_user (Username, Password, Name, Email, Phone_num, User_type)
VALUES ('rdunmore', 'demo1234', 'Rachel Dunmore', 'rachel.dunmore@gmail.com', '(403) 555-0401', 'Client');

INSERT IGNORE INTO Web_user (Username, Password, Name, Email, Phone_num, User_type)
VALUES ('jwhitfield', 'demo1234', 'James Whitfield', 'jwhitfield@outlook.com', '(403) 555-0402', 'Client');

INSERT IGNORE INTO Web_user (Username, Password, Name, Email, Phone_num, User_type)
VALUES ('slarsen', 'demo1234', 'Sophie Larsen', 'slarsen@hotmail.com', '(587) 555-0403', 'Client');

INSERT IGNORE INTO Web_user (Username, Password, Name, Email, Phone_num, User_type)
VALUES ('mbellingham', 'demo1234', 'Marcus Bellingham', 'mbellingham@gmail.com', '(587) 555-0404', 'Client');

-- =============================================================================
-- Horses
-- =============================================================================

-- Rachel Dunmore's horses (Sunrise Stables)
INSERT IGNORE INTO Horse (Hname, Gender, Discipline, Height, Birthdate, Breed, Conf_notes, Bname, Cusername, Status)
VALUES ('Copper', 'M', 'Trail Riding', 15, '2015-04-12', 'Quarter Horse',
        'Strong hindquarters, slight rotation in left front hoof. Monitor closely.',
        'Sunrise Stables', 'rdunmore', 1);

INSERT IGNORE INTO Horse (Hname, Gender, Discipline, Height, Birthdate, Breed, Conf_notes, Bname, Cusername, Status)
VALUES ('Luna', 'F', 'Dressage', 16, '2018-07-03', 'Hanoverian',
        'Well balanced. Minor asymmetry in right rear — no current concerns.',
        'Sunrise Stables', 'rdunmore', 1);

-- James Whitfield's horse (Pinewood Equestrian)
INSERT IGNORE INTO Horse (Hname, Gender, Discipline, Height, Birthdate, Breed, Conf_notes, Bname, Cusername, Status)
VALUES ('Maverick', 'M', 'Jumping', 17, '2016-02-20', 'Warmblood',
        'Excellent conformation. Watch left front fetlock after heavy jumping sessions.',
        'Pinewood Equestrian', 'jwhitfield', 1);

-- Sophie Larsen's horses (Rocky View Ranch)
INSERT IGNORE INTO Horse (Hname, Gender, Discipline, Height, Birthdate, Breed, Conf_notes, Bname, Cusername, Status)
VALUES ('Stella', 'F', 'Barrel Racing', 15, '2017-09-15', 'Appaloosa',
        'Short upright pasterns. Custom shoe angle recommended for barrel work.',
        'Rocky View Ranch', 'slarsen', 1);

INSERT IGNORE INTO Horse (Hname, Gender, Discipline, Height, Birthdate, Breed, Conf_notes, Bname, Cusername, Status)
VALUES ('Duke', 'M', 'Trail Riding', 14, '2010-11-30', 'Morgan',
        'Senior horse. Arthritic changes in both rear hooves. Therapeutic shoeing required.',
        'Rocky View Ranch', 'slarsen', 1);

-- Marcus Bellingham's horse (Sunrise Stables)
INSERT IGNORE INTO Horse (Hname, Gender, Discipline, Height, Birthdate, Breed, Conf_notes, Bname, Cusername, Status)
VALUES ('Atlas', 'M', 'Polo', 15, '2019-06-08', 'Thoroughbred',
        'Good overall balance. Thin soles — use pads when transitioning to hard ground.',
        'Sunrise Stables', 'mbellingham', 1);

-- =============================================================================
-- Shoeing Protocols
-- =============================================================================

-- Copper (Rachel) - current protocol
INSERT IGNORE INTO Shoeing_Protocol (Hname, Date, Left_Front, Right_Front, Left_Rear, Right_Rear, Status, Notes)
VALUES ('Copper', '2023-09-01', 'Regular steel shoe', 'Regular steel shoe with wedge pad', 'Regular steel shoe', 'Regular steel shoe',
        0, 'Added wedge pad to right front to address rotation. Review in 6 weeks.');

INSERT IGNORE INTO Shoeing_Protocol (Hname, Date, Left_Front, Right_Front, Left_Rear, Right_Rear, Status, Notes)
VALUES ('Copper', '2023-11-15', 'Regular steel shoe', 'Custom steel shoe with 2 degree wedge', 'Regular steel shoe', 'Regular steel shoe',
        1, 'Rotation improving. Continue with wedge on right front. Next visit in 8 weeks.');

-- Luna (Rachel) - current protocol
INSERT IGNORE INTO Shoeing_Protocol (Hname, Date, Left_Front, Right_Front, Left_Rear, Right_Rear, Status, Notes)
VALUES ('Luna', '2023-10-10', 'Regular steel shoe', 'Regular steel shoe', 'Regular steel shoe', 'Regular steel shoe with lateral extension',
        1, 'Lateral extension on right rear to address asymmetry. Monitor.');

-- Maverick (James) - current protocol
INSERT IGNORE INTO Shoeing_Protocol (Hname, Date, Left_Front, Right_Front, Left_Rear, Right_Rear, Status, Notes)
VALUES ('Maverick', '2023-10-22', 'Regular steel shoe', 'Regular steel shoe', 'Regular steel shoe', 'Regular steel shoe',
        1, 'Standard set. No issues. Next visit in 8 weeks.');

-- Duke (Sophie) - therapeutic shoeing
INSERT IGNORE INTO Shoeing_Protocol (Hname, Date, Left_Front, Right_Front, Left_Rear, Right_Rear, Status, Notes)
VALUES ('Duke', '2023-09-15', 'Egg bar shoe', 'Egg bar shoe', 'Egg bar shoe with pad', 'Egg bar shoe with pad',
        0, 'Egg bar shoes applied to all four hooves to relieve arthritic pressure.');

INSERT IGNORE INTO Shoeing_Protocol (Hname, Date, Left_Front, Right_Front, Left_Rear, Right_Rear, Status, Notes)
VALUES ('Duke', '2023-11-20', 'Egg bar shoe with gel pad', 'Egg bar shoe with gel pad', 'Egg bar shoe with gel pad', 'Egg bar shoe with gel pad',
        1, 'Upgraded to gel pads for additional cushioning. Horse showing improved comfort.');

-- Stella (Sophie) - custom angle
INSERT IGNORE INTO Shoeing_Protocol (Hname, Date, Left_Front, Right_Front, Left_Rear, Right_Rear, Status, Notes)
VALUES ('Stella', '2023-10-05', 'Custom angled shoe 55 degrees', 'Custom angled shoe 55 degrees', 'Regular steel shoe', 'Regular steel shoe',
        1, 'Custom angle on fronts for barrel racing. Rears standard.');

-- Atlas (Marcus)
INSERT IGNORE INTO Shoeing_Protocol (Hname, Date, Left_Front, Right_Front, Left_Rear, Right_Rear, Status, Notes)
VALUES ('Atlas', '2023-11-01', 'Steel shoe with rim pad', 'Steel shoe with rim pad', 'Regular steel shoe', 'Regular steel shoe',
        1, 'Rim pads on fronts to protect thin soles. Reassess after transition to grass.');

-- =============================================================================
-- Invoices
-- =============================================================================

INSERT IGNORE INTO Invoice (Number, Status, Fusername, Cusername)
VALUES (1, 1, 'admin', 'rdunmore');

INSERT IGNORE INTO Invoice (Number, Status, Fusername, Cusername)
VALUES (2, 1, 'admin', 'rdunmore');

INSERT IGNORE INTO Invoice (Number, Status, Fusername, Cusername)
VALUES (3, 0, 'admin', 'jwhitfield');

INSERT IGNORE INTO Invoice (Number, Status, Fusername, Cusername)
VALUES (4, 1, 'admin', 'slarsen');

INSERT IGNORE INTO Invoice (Number, Status, Fusername, Cusername)
VALUES (5, 0, 'admin', 'slarsen');

INSERT IGNORE INTO Invoice (Number, Status, Fusername, Cusername)
VALUES (6, 0, 'admin', 'mbellingham');

-- =============================================================================
-- Invoice Items
-- =============================================================================

-- Invoice 1 - Rachel, September visit (Copper)
INSERT INTO Invoice_Item (Inumber, Idescription, Price, Date)
VALUES (1, 'Full shoe set - Copper', 160, '2023-09-01');
INSERT INTO Invoice_Item (Inumber, Idescription, Price, Date)
VALUES (1, 'Wedge pad - right front', 25, '2023-09-01');

-- Invoice 2 - Rachel, November visit (Copper + Luna)
INSERT INTO Invoice_Item (Inumber, Idescription, Price, Date)
VALUES (2, 'Full shoe set - Copper', 160, '2023-11-15');
INSERT INTO Invoice_Item (Inumber, Idescription, Price, Date)
VALUES (2, 'Custom wedge shoe - right front', 45, '2023-11-15');
INSERT INTO Invoice_Item (Inumber, Idescription, Price, Date)
VALUES (2, 'Full shoe set - Luna', 160, '2023-11-15');
INSERT INTO Invoice_Item (Inumber, Idescription, Price, Date)
VALUES (2, 'Lateral extension - right rear', 35, '2023-11-15');

-- Invoice 3 - James, October visit (Maverick) - unpaid
INSERT INTO Invoice_Item (Inumber, Idescription, Price, Date)
VALUES (3, 'Full shoe set - Maverick', 180, '2023-10-22');
INSERT INTO Invoice_Item (Inumber, Idescription, Price, Date)
VALUES (3, 'Trim and balance check', 40, '2023-10-22');

-- Invoice 4 - Sophie, September visit (Duke)
INSERT INTO Invoice_Item (Inumber, Idescription, Price, Date)
VALUES (4, 'Therapeutic egg bar shoe set - Duke', 220, '2023-09-15');

-- Invoice 5 - Sophie, November visit (Duke + Stella) - unpaid
INSERT INTO Invoice_Item (Inumber, Idescription, Price, Date)
VALUES (5, 'Therapeutic egg bar shoe set with gel pads - Duke', 260, '2023-11-20');
INSERT INTO Invoice_Item (Inumber, Idescription, Price, Date)
VALUES (5, 'Custom angled shoe set - Stella fronts', 190, '2023-11-20');
INSERT INTO Invoice_Item (Inumber, Idescription, Price, Date)
VALUES (5, 'Standard shoe set - Stella rears', 120, '2023-11-20');

-- Invoice 6 - Marcus, November visit (Atlas) - unpaid
INSERT INTO Invoice_Item (Inumber, Idescription, Price, Date)
VALUES (6, 'Full shoe set - Atlas', 180, '2023-11-01');
INSERT INTO Invoice_Item (Inumber, Idescription, Price, Date)
VALUES (6, 'Rim pads - both fronts', 50, '2023-11-01');

-- =============================================================================
-- Medical Records
-- =============================================================================

INSERT IGNORE INTO Medical_Record (Hname, Date, Status, Filename, Ailment, Pname)
VALUES ('Copper', '2023-08-10', 0, 'copper_xray_aug23.pdf', 'Mild rotation in left front coffin bone. Monitoring recommended.', 'Dr. Sarah Mitchell');

INSERT IGNORE INTO Medical_Record (Hname, Date, Status, Filename, Ailment, Pname)
VALUES ('Duke', '2023-07-20', 1, 'duke_arthritis_jul23.pdf', 'Degenerative joint disease in both rear fetlocks. Therapeutic shoeing and joint supplement recommended.', 'Dr. James Holloway');

INSERT IGNORE INTO Medical_Record (Hname, Date, Status, Filename, Ailment, Pname)
VALUES ('Maverick', '2023-09-05', 1, 'maverick_fetlock_sep23.pdf', 'Mild inflammation in left front fetlock post-competition. Rest and anti-inflammatory prescribed.', 'Dr. Sarah Mitchell');

INSERT IGNORE INTO Medical_Record (Hname, Date, Status, Filename, Ailment, Pname)
VALUES ('Atlas', '2023-10-15', 1, 'atlas_soles_oct23.pdf', 'Thin sole confirmation. Rim pads recommended to prevent bruising on hard ground.', 'Dr. Linda Park');